0Bb2zMzQAL,rwest129,Raz,West
0nYGfSzH52,umartell232,Urban,Martell
1aRjlUAYpO,anascimbeni12,Arun,Nascimbeni
2ruNWPmicg,mhartmann364,Matthias,Hartmann
4D8d5NFQey,mhollands782,Maja,Hollands
4RygfhpS1h,dlindholm427,Deidre,Lindholm
5xTn7laQAz,sdobbs181,Suzan,Dobbs
77JVECgA9Y,anervi835,Andrea,Nervi
82rggZxf5c,phult841,Petra,Hult
8BdlWK9mvn,qharlow811,Quinn,Harlow
8uv1aK9btU,nhart392,Newton,Hart
9mCMQL1myp,aturati272,Alfred,Turati
9wHtriXf8s,rguttuso845,Roksana,Guttuso
A1Kcf8Z1u3,jho064,Joyce,Ho
A3mMrNEFsy,vfiddler300,Viktor,Fiddler
aDQQtN7BnB,rzeegers249,Ryuu,Zeegers
aKtF7xlCj,cstein161,Christina,Stein
AnRRwDoMFm,phogarth740,Paul,Hogarth
AyZm6kgtLQ,smarston647,Silvia,Marston
bCSKEQsp82,lbandoni978,Lev,Bandoni
bSZa17FK2l,jkim79,John,Kim
cp5asEx6KR,tjacobs350,Tyrone,Jacobs
DlK1RDF6DZ,cdirchs226,Claudia,Dirchs
ECk9NPOnC1,slafleur286,Steven,La Fleur
EIBGkZJ8LU,hlinville629,Hebel,Linville
erGZXNCSa8,csorge400,Charlize,Sorge
EWUS9AaKts,gmaria244,Gabriel,Maria
F8SGo1rfbJ,syounge919,Shiro,Younge
fe20lUruvB,earrigucci181,Ellie,Arrigucci
ffD2jzc574,gdanielson911,Gunda,Danielson
FGVfybCruk,sfukui307,Shin,Fukui
fk7USWbA60,cchen902,Cynthia,Chen
g0aGB2MNq6,egregory740,Eskender,Gregory
hEp6l3yRkB,dankeren437,Deana,Ankeren
I8k5HwpLlU,dhu396,Darrin,Hu
iep724zbM3,bbauer710,Ben,Bauer
ixYZCGpl5D,iknudsen510,Ines,Knudsen
ize3lkeNiR,echong351,Elaine,Chong
j3BjhOJA0K,llange012,Lars,Lange
JEdJCRTwMu,gwray899,Grover,Wray
k4hG2bKBi2,rhepburn830,Rocco,Hepburn
Ki437ImMiB,alacey372,Arlen,Lacey
kJQAvxlegv,cabate188,Celeste,Abate
l8Ck5AEii7,ptivoli928,Paulina,Tivoli
l8fb19WIds,ryoon681,Racheal,Yoon
LbOIaCTwOR,droncalli225,Dawson,Roncalli
lKOmgoDP5M,druf440,Devon,Ruf
loWO7ep40W,avespa995,Ama,Vespa
LRH33DL7sR,ablakely607,Adara,Blakely
MMNPTkNHZg,ncobb173,Nikita,Cobb
MvygDkC5GZ,sbreda659,Shelly,Van Breda
nlNo3Ifie2,hmoon196,Huang,Moon
OcbMCqoATE,dfrost839,Daria,Frost
OhfDW5FQet,hjoosten544,Hanna,Joosten
Oojd410rxz,vacconcio363,Valentine,Acconcio
P80TDV5kec,nbystrom666,Nicole,Bystrom
pAA8hhbaAf,cpeter506,Cortney,Peter
piajOfWMIT,aeldridge638,Arnold,Eldridge
PiQvBSPut9,rluo968,Rebecca,Luo
pSE2USVUGe,sknutson811,Scott,Knutson
q24FfeogSR,stolkien163,Samantha,Tolkien
Q5zYQSo07T,omerx423,Oakley,Merx
qBhsb9AT1D,nherman665,Noelle,Herman
qjAClhRo8T,apapp539,August,Papp
QrcaEXMLnx,dcornell036,Dip,Cornell
qSaWq5Khmt,mdaniell662,Michele,Daniell
QVsfnLS8nP,wcho532,Woo-Jin,Cho
RCkC4TjYNZ,pruskin457,Paul,Ruskin
Rjuqf7P3nX,ksong775,Kathleen,Song
rRMSF0EH7d,nnewton663,Neelam,Newton
RtDWbzvtoo,nkaufman471,Natalia,Kaufman
RwKSObZt8b,epark561,Elizabeth,Park
RxNqRHaaoI,mschuhart942,Matilda,Schuhart
s8jX7v1r9L,ttash050,Thema,Tash
SGDgfAoZn8,amun214,Anand,Mun
stB2damzF1,lalbano202,Luca,Albano
Sx6sqg2Av5,rterry598,Rebekka,Terry
tmil3gYi8I,lkawakami527,Lin,Kawakami
tmt3aPs20s,nbapat922,Nikhil,Bapat
ujARr06uDs,hackermann400,Hinata,Ackermann
UPLEFa48ob,sayton323,Stephanos,Ayton
UuUxEvmxXO,ebeutel057,Elof,Beutel
UX8dL9oWOH,ljoyce110,Lyla,Joyce
uZfhzJCf3Q,jjundt663,Julian,Jundt
v9ksRoAENe,kfava260,Katherine,Fava
VkA4Ln4RP8,erodney311,Emma,Rodney
vMCwbZJ5UI,tbencivenni554,Tatenda,Bencivenni
vrSPzDaBog,rventimiglia396,Ravinder,Ventimiglia
Vv5mvmR93y,slacy795,Stefanie,Lacy
VxX7KCsBEi,ldemetriou598,Louisa,Demetriou
w4xX1lvTG7,mwirth350,Martha,Wirth
WJrWAidLZ5,jji247,Jessica,Ji
WUMHFJy3AG,akirch668,Alfred,Kirch
wUSNkrt2i7,gmorris475,Giuliana,Morris
WVztzxaqG1,daarle24,Dorris,Aarle
WW56HAP2R1,lleigh151,Leopold,Leigh
Xo3aGKAsfE,dheimans471,Daniele,Heimans
xrWlqSyLPV,ageorge577,Antonina,George
xshALL98rR,odanniel58,Orville,Danniel
ybgAEICak2,mgartner140,Maria,Gaertner
yVEE6glmyP,adevereux918,Annice,Devereux
YXCMIivcy6,epontecorvo916,Eli,Pontecorvo
zMdmtuvTDn,cbaldinotti843,Cathleen,Baldinotti
